{"learner":{"attributes":{"scikit_learn":"{\"_estimator_type\": \"classifier\"}"},"feature_names":[],"feature_types":[],"gradient_booster":{"model":{"gbtree_model_param":{"num_parallel_tree":"1","num_trees":"10"},"iteration_indptr":[0,1,2,3,4,5,6,7,8,9,10],"tree_info":[0,0,0,0,0,0,0,0,0,0],"trees":[{"base_weights":[2.164044E-6,-1.897858E0,1.548145E0,-1.9407089E0,1.9502474E-1,5.569505E-1,1.7527355E0,1.14615865E-1,-5.953932E-1,4.925929E-1,3.029731E-2,1.9303428E-1,5.368311E-1],"categories":[],"categories_nodes":[],"categories_segments":[],"categories_sizes":[],"default_left":[0,0,0,0,0,0,0,0,0,0,0,0,0],"id":0,"left_children":[1,3,5,7,-1,9,11,-1,-1,-1,-1,-1,-1],"loss_changes":[5.9337585E2,1.1167633E1,2.157904E1,9.889709E0,0E0,9.973926E0,2.58313E0,0E0,0E0,0E0,0E0,0E0,0E0],"parents":[2147483647,0,0,1,1,2,2,3,3,5,5,6,6],"right_children":[2,4,6,8,-1,10,12,-1,-1,-1,-1,-1,-1],"split_conditions":[-3.3578023E-2,-4.3004252E-2,2.0849465E-1,-1.9510792E0,1.9502474E-1,-1.7243949E0,2.7206478E-1,1.14615865E-1,-5.953932E-1,4.925929E-1,3.029731E-2,1.9303428E-1,5.368311E-1],"split_indices":[2,4,2,4,0,4,1,0,0,0,0,0,0],"split_type":[0,0,0,0,0,0,0,0,0,0,0,0,0],"sum_hessian":[1.9995502E2,8.972981E1,1.102252E2,8.8480095E1,1.2497188E0,1.9495613E1,9.072958E1,1.4996626E0,8.698043E1,4.998875E0,1.4496738E1,3.4992127E0,8.723037E1],"tree_param":{"num_deleted":"0","num_feature":"5","num_nodes":"13","size_leaf_vector":"1"}},{"base_weights":[5.5683106E-3,-1.5013174E0,1.1496038E0,-4.6191168E-1,1.6379565E-1,2.0704825E-1,1.3205388E0,3.9908683E-1,-6.725675E-2,1.06177665E-1,4.1431472E-1],"categories":[],"categories_nodes":[],"categories_segments":[],"categories_sizes":[],"default_left":[0,0,0,0,0,0,0,0,0,0,0],"id":1,"left_children":[1,3,5,-1,-1,7,9,-1,-1,-1,-1],"loss_changes":[3.246972E2,7.2289886E0,1.6975784E1,0E0,0E0,8.833639E0,4.8010254E0,0E0,0E0,0E0,0E0],"parents":[2147483647,0,0,1,1,2,2,5,5,6,6],"right_children":[2,4,6,-1,-1,8,10,-1,-1,-1,-1],"split_conditions":[-9.924905E-2,-4.3004252E-2,1.5493752E-1,-4.6191168E-1,1.6379565E-1,-1.7243949E0,2.7206478E-1,3.9908683E-1,-6.725675E-2,1.06177665E-1,4.1431472E-1],"split_indices":[2,4,2,0,0,4,1,0,0,0,0],"split_type":[0,0,0,0,0,0,0,0,0,0,0],"sum_hessian":[1.8634584E2,8.028491E1,1.06060936E2,7.9050606E1,1.2343088E0,1.6621162E1,8.943977E1,4.032616E0,1.2588546E1,5.6726003E0,8.376717E1],"tree_param":{"num_deleted":"0","num_feature":"5","num_nodes":"11","size_leaf_vector":"1"}},{"base_weights":[5.6509315E-3,-1.2876217E0,9.421656E-1,-3.9771172E-1,1.3884433E-1,2.8558928E-1,1.1276544E0,-5.1353322E-3,4.0623966E-1,4.0944297E-2,3.5035533E-1],"categories":[],"categories_nodes":[],"categories_segments":[],"categories_sizes":[],"default_left":[0,0,0,0,0,0,0,0,0,0,0],"id":2,"left_children":[1,3,5,-1,-1,7,9,-1,-1,-1,-1],"loss_changes":[1.9808273E2,5.192787E0,1.1229912E1,0E0,0E0,7.2146635E0,2.7737732E0,0E0,0E0,0E0,0E0],"parents":[2147483647,0,0,1,1,2,2,5,5,6,6],"right_children":[2,4,6,-1,-1,8,10,-1,-1,-1,-1],"split_conditions":[-9.924905E-2,-4.3004252E-2,2.0849465E-1,-3.9771172E-1,1.3884433E-1,-7.8185594E-1,-9.352984E-2,-5.1353322E-3,4.0623966E-1,4.0944297E-2,3.5035533E-1],"split_indices":[2,4,2,0,0,4,3,0,0,0,0],"split_type":[0,0,0,0,0,0,0,0,0,0,0],"sum_hessian":[1.615451E2,6.769177E1,9.385334E1,6.6487854E1,1.2039212E0,2.1233301E1,7.262003E1,1.7312757E1,3.9205434E0,3.0016007E0,6.961843E1],"tree_param":{"num_deleted":"0","num_feature":"5","num_nodes":"11","size_leaf_vector":"1"}},{"base_weights":[4.645443E-3,-1.1833924E0,7.7136874E-1,-3.619995E-1,-7.204999E-2,3.658893E-1,1.0990984E0,3.367294E-1,-4.2887427E-2,1.5151587E-1,3.3678362E-1],"categories":[],"categories_nodes":[],"categories_segments":[],"categories_sizes":[],"default_left":[0,0,0,0,0,0,0,0,0,0,0],"id":3,"left_children":[1,3,5,-1,-1,7,9,-1,-1,-1,-1],"loss_changes":[1.2655849E2,9.0650177E-1,1.081868E1,0E0,0E0,1.5266963E1,7.8308105E-2,0E0,0E0,0E0,0E0],"parents":[2147483647,0,0,1,1,2,2,5,5,6,6],"right_children":[2,4,6,-1,-1,8,10,-1,-1,-1,-1],"split_conditions":[-1.5258592E-1,-2.0434523E-1,7.1341044E-1,-3.619995E-1,-7.204999E-2,-1.4251742E0,2.539032E-1,3.367294E-1,-4.2887427E-2,1.5151587E-1,3.3678362E-1],"split_indices":[2,2,1,0,0,4,2,0,0,0,0],"split_type":[0,0,0,0,0,0,0,0,0,0,0],"sum_hessian":[1.369363E2,5.349788E1,8.3438416E1,5.193711E1,1.560768E0,3.8241295E1,4.5197117E1,1.4892965E1,2.3348331E1,2.5767744E0,4.2620342E1],"tree_param":{"num_deleted":"0","num_feature":"5","num_nodes":"11","size_leaf_vector":"1"}},{"base_weights":[4.655968E-3,-1.0231177E0,6.978002E-1,-1.0712019E0,1.3626447E-1,4.12727E-1,1.1257148E0,9.076078E-2,-3.3446938E-1,2.778053E-1,-7.116916E-2,7.275457E-2,3.5358158E-1],"categories":[],"categories_nodes":[],"categories_segments":[],"categories_sizes":[],"default_left":[0,0,0,0,0,0,0,0,0,0,0,0,0],"id":4,"left_children":[1,3,5,7,-1,9,11,-1,-1,-1,-1,-1,-1],"loss_changes":[8.375364E1,3.8504639E0,8.100021E0,3.1081161E0,0E0,1.4804255E1,9.9843216E-1,0E0,0E0,0E0,0E0,0E0,0E0],"parents":[2147483647,0,0,1,1,2,2,3,3,5,5,6,6],"right_children":[2,4,6,8,-1,10,12,-1,-1,-1,-1,-1,-1],"split_conditions":[-3.3578023E-2,-4.3004252E-2,-7.877213E-1,-1.9510792E0,1.3626447E-1,-1.4129725E0,-1.6544974E-1,9.076078E-2,-3.3446938E-1,2.778053E-1,-7.116916E-2,7.275457E-2,3.5358158E-1],"split_indices":[2,4,4,4,0,4,3,0,0,0,0,0,0],"split_type":[0,0,0,0,0,0,0,0,0,0,0,0,0],"sum_hessian":[1.1556408E2,4.6354683E1,6.92094E1,4.515973E1,1.1949537E0,4.271651E1,2.6492884E1,1.2095482E0,4.395018E1,2.363026E1,1.9086248E1,1.8124585E0,2.4680426E1],"tree_param":{"num_deleted":"0","num_feature":"5","num_nodes":"13","size_leaf_vector":"1"}},{"base_weights":[7.514918E-3,-3.2032788E-1,5.408031E-1,2.032087E-1,9.273056E-1,2.8842464E-1,-2.581388E-2,1.869353E-1,3.160223E-1],"categories":[],"categories_nodes":[],"categories_segments":[],"categories_sizes":[],"default_left":[0,0,0,0,0,0,0,0,0],"id":5,"left_children":[1,-1,3,5,7,-1,-1,-1,-1],"loss_changes":[5.7052704E1,0E0,8.488428E0,8.148243E0,5.2210236E-1,0E0,0E0,0E0,0E0],"parents":[2147483647,0,0,2,2,3,3,4,4],"right_children":[2,-1,4,6,8,-1,-1,-1,-1],"split_conditions":[-2.0434523E-1,-3.2032788E-1,7.7350104E-1,-1.5387859E0,-1.279737E0,2.8842464E-1,-2.581388E-2,1.869353E-1,3.160223E-1],"split_indices":[2,0,1,4,4,0,0,0,0],"split_type":[0,0,0,0,0,0,0,0,0],"sum_hessian":[9.7486565E1,3.198754E1,6.549902E1,3.577594E1,2.9723083E1,9.237767E0,2.6538172E1,1.0451933E1,1.927115E1],"tree_param":{"num_deleted":"0","num_feature":"5","num_nodes":"9","size_leaf_vector":"1"}},{"base_weights":[9.490554E-3,-1.0169978E0,4.5303088E-1,-3.1348458E-1,-8.868093E-2,1.8894264E-1,9.416358E-1,3.1214896E-1,-4.3782778E-2,-5.1814523E-3,3.1801817E-1],"categories":[],"categories_nodes":[],"categories_segments":[],"categories_sizes":[],"default_left":[0,0,0,0,0,0,0,0,0,0,0],"id":6,"left_children":[1,3,5,-1,-1,7,9,-1,-1,-1,-1],"loss_changes":[3.8831894E1,2.100563E-1,7.505045E0,0E0,0E0,1.1530846E1,2.3621159E0,0E0,0E0,0E0,0E0],"parents":[2147483647,0,0,1,1,2,2,5,5,6,6],"right_children":[2,4,6,-1,-1,8,10,-1,-1,-1,-1],"split_conditions":[-2.0434523E-1,-2.9578337E-1,-7.8185594E-1,-3.1348458E-1,-8.868093E-2,-1.8116484E0,-1.579276E-1,3.1214896E-1,-4.3782778E-2,-5.1814523E-3,3.1801817E-1],"split_indices":[2,2,4,0,0,4,3,0,0,0,0],"split_type":[0,0,0,0,0,0,0,0,0,0,0],"sum_hessian":[8.3278694E1,2.4736933E1,5.8541763E1,2.3382458E1,1.3544737E0,3.8902096E1,1.9639668E1,1.0385805E1,2.8516289E1,2.2527645E0,1.7386902E1],"tree_param":{"num_deleted":"0","num_feature":"5","num_nodes":"11","size_leaf_vector":"1"}},{"base_weights":[1.0769961E-2,-7.643589E-1,4.7745842E-1,-3.027572E-1,-2.2871488E-1,1.8889508E-1,7.891267E-1,5.2895386E-2,-3.424653E-1,2.4462529E-1,-3.35119E-2,1.373442E-1,2.8562653E-1],"categories":[],"categories_nodes":[],"categories_segments":[],"categories_sizes":[],"default_left":[0,0,0,0,0,0,0,0,0,0,0,0,0],"id":7,"left_children":[1,3,5,-1,7,9,11,-1,-1,-1,-1,-1,-1],"loss_changes":[2.6872671E1,3.4310818E0,4.019888E0,0E0,3.9179258E0,4.871782E0,7.5033283E-1,0E0,0E0,0E0,0E0,0E0,0E0],"parents":[2147483647,0,0,1,1,2,2,4,4,5,5,6,6],