{"learner":{"attributes":{"scikit_learn":"{\"_estimator_type\": \"regressor\"}"},"feature_names":[],"feature_types":[],"gradient_booster":{"model":{"gbtree_model_param":{"num_parallel_tree":"1","num_trees":"8"},"iteration_indptr":[0,1,2,3,4,5,6,7,8],"tree_info":[0,0,0,0,0,0,0,0],"trees":[{"base_weights":[-7.0677265E-7,-8.6988304E1,7.5255E1,-1.5687703E2,-5.3495678E1,4.1461212E1,1.4278896E2,-5.7070683E1,-2.9723309E1,-3.6338882E1,-7.7767057E0,3.2172757E-1,2.7581648E1,2.4491726E1,5.128387E1],"categories":[],"categories_nodes":[],"categories_segments":[],"categories_sizes":[],"default_left":[0,0,0,0,0,0,0,0,0,0,0,0,0,0,0],"id":0,"left_children":[1,3,5,7,9,11,13,-1,-1,-1,-1,-1,-1,-1,-1],"loss_changes":[5.250137E6,8.623695E5,9.75438E5,2.125245E5,4.6867775E5,5.870554E5,2.3226325E5,0E0,0E0,0E0,0E0,0E0,0E0,0E0,0E0],"parents":[2147483647,0,0,1,1,2,2,3,3,4,4,5,5,6,6],"right_children":[2,4,6,8,10,12,14,-1,-1,-1,-1,-1,-1,-1,-1],"split_conditions":[-7.049878E-2,-1.0589076E0,9.356784E-1,2.1397991E-1,-6.582484E-1,2.1397991E-1,-6.117691E-1,-5.7070683E1,-2.9723309E1,-3.6338882E1,-7.7767057E0,3.2172757E-1,2.7581648E1,2.4491726E1,5.128387E1],"split_indices":[2,2,2,0,0,0,3,0,0,0,0,0,0,0,0],"split_type":[0,0,0,0,0,0,0,0,0,0,0,0,0,0,0],"sum_hessian":[8E2,3.71E2,4.29E2,1.19E2,2.52E2,2.87E2,1.42E2,7.4E1,4.5E1,7.2E1,1.8E2,1.6E2,1.27E2,4.6E1,9.6E1],"tree_param":{"num_deleted":"0","num_feature":"4","num_nodes":"15","size_leaf_vector":"1"}},{"base_weights":[-3.3995543E-2,-5.2357983E1,6.4859535E1,-1.0122197E2,-2.2247936E1,3.8565395E1,1.2008484E2,-4.738297E1,-2.2610508E1,-2.9793337E1,-1.6765597E0,6.768225E0,3.5177296E1,2.6823187E1,4.7872932E1],"categories":[],"categories_nodes":[],"categories_segments":[],"categories_sizes":[],"default_left":[0,0,0,0,0,0,0,0,0,0,0,0,0,0,0],"id":1,"left_children":[1,3,5,7,9,11,13,-1,-1,-1,-1,-1,-1,-1,-1],"loss_changes":[2.723182E6,6.5100375E5,5.1522125E5,2.3592612E5,3.5378112E5,3.0465844E5,1.25040125E5,0E0,0E0,0E0,0E0,0E0,0E0,0E0,0E0],"parents":[2147483647,0,0,1,1,2,2,3,3,4,4,5,5,6,6],"right_children":[2,4,6,8,10,12,14,-1,-1,-1,-1,-1,-1,-1,-1],"split_conditions":[1.504189E-1,-2.2096418E-1,5.629692E-1,-9.680458E-1,-1.2995813E0,1.4778941E0,2.4288201E-1,-4.738297E1,-2.2610508E1,-2.9793337E1,-1.6765597E0,6.768225E0,3.5177296E1,2.6823187E1,4.7872932E1],"split_indices":[2,3,0,2,2,2,3,0,0,0,0,0,0,0,0],"split_type":[0,0,0,0,0,0,0,0,0,0,0,0,0,0,0],"sum_hessian":[8E2,4.43E2,3.57E2,1.68E2,2.75E2,2.43E2,1.14E2,5.1E1,1.17E2,4.8E1,2.27E2,2.03E2,4E1,6.6E1,4.8E1],"tree_param":{"num_deleted":"0","num_feature":"4","num_nodes":"15","size_leaf_vector":"1"}},{"base_weights":[-4.847949E-3,-6.0592278E1,3.1786283E1,-9.3609764E1,-2.0542812E1,1.181851E1,7.698143E1,-4.2652348E1,-2.3963728E1,-1.0755653E1,1.3804751E1,-1.1800137E0,1.8266476E1,1.68991E1,3.6510082E1],"categories":[],"categories_nodes":[],"categories_segments":[],"categories_sizes":[],"default_left":[0,0,0,0,0,0,0,0,0,0,0,0,0,0,0],"id":2,"left_children":[1,3,5,7,9,11,13,-1,-1,-1,-1,-1,-1,-1,-1],"loss_changes":[1.5447665E6,3.630407E5,4.73777E5,8.9334E4,1.30040086E5,2.831359E5,1.41827E5,0E0,0E0,0E0,0E0,0E0,0E0,0E0,0E0],"parents":[2147483647,0,0,1,1,2,2,3,3,4,4,5,5,6,6],"right_children":[2,4,6,8,10,12,14,-1,-1,-1,-1,-1,-1,-1,-1],"split_conditions":[-4.1182336E-1,1.8250103E-1,5.161783E-1,-7.832533E-1,9.540018E-1,6.779259E-1,9.603048E-1,-4.2652348E1,-2.3963728E1,-1.0755653E1,1.3804751E1,-1.1800137E0,1.8266476E1,1.68991E1,3.6510082E1],"split_indices":[2,0,0,3,3,3,2,0,0,0,0,0,0,0,0],"split_type":[0,0,0,0,0,0,0,0,0,0,0,0,0,0,0],"sum_hessian":[8E2,2.75E2,5.25E2,1.5E2,1.25E2,3.65E2,1.6E2,3.1E1,1.19E2,1.02E2,2.3E1,2.77E2,8.8E1,1.11E2,4.9E1],"tree_param":{"num_deleted":"0","num_feature":"4","num_nodes":"15","size_leaf_vector":"1"}},{"base_weights":[5.256228E-3,-2.4263012E1,4.6770367E1,-6.1018692E1,-6.638754E0,3.498607E1,1.0926308E2,-2.3730415E1,-8.385701E0,-1.0266545E1,4.747029E0,-2.8632343E0,1.4762698E1,2.5187609E1,4.104229E1],"categories":[],"categories_nodes":[],"categories_segments":[],"categories_sizes":[],"default_left":[0,0,0,0,0,0,0,0,0,0,0,0,0,0,0],"id":3,"left_children":[1,3,5,7,9,11,13,-1,-1,-1,-1,-1,-1,-1,-1],"loss_changes":[9.1019625E5,3.4162884E5,1.9795988E5,1.00034625E5,2.2234966E5,1.4740672E5,1.8484719E4,0E0,0E0,0E0,0E0,0E0,0E0,0E0,0E0],"parents":[2147483647,0,0,1,1,2,2,3,3,4,4,5,5,6,6],"right_children":[2,4,6,8,10,12,14,-1,-1,-1,-1,-1,-1,-1,-1],"split_conditions":[4.2584366E-1,-4.937566E-1,1.6999574E0,4.3950123E-1,-4.015795E-2,-6.163614E-1,1.14227645E-1,-2.3730415E1,-8.385701E0,-1.0266545E1,4.747029E0,-2.8632343E0,1.4762698E1,2.5187609E1,4.104229E1],"split_indices":[2,0,2,3,3,0,3,0,0,0,0,0,0,0,0],"split_type":[0,0,0,0,0,0,0,0,0,0,0,0,0,0,0],"sum_hessian":[8E2,5.27E2,2.73E2,1.7E2,3.57E2,2.31E2,4.2E1,1.09E2,6.1E1,1.6E2,1.97E2,5.6E1,1.75E2,2.4E1,1.8E1],"tree_param":{"num_deleted":"0","num_feature":"4","num_nodes":"15","size_leaf_vector":"1"}},{"base_weights":[5.4233734E-2,-3.770338E1,1.695646E1,-1.0211118E2,-2.8708231E1,6.7099395E0,5.644558E1,-3.760535E1,-2.3089752E1,-1.3414328E1,5.9910893E-1,-8.558761E0,5.2191076E0,1.1132918E1,2.6252762E1],"categories":[],"categories_nodes":[],"categories_segments":[],"categories_sizes":[],"default_left":[0,0,0,0,0,0,0,0,0,0,0,0,0,0,0],"id":4,"left_children":[1,3,5,7,9,11,13,-1,-1,-1,-1,-1,-1,-1,-1],"loss_changes":[5.1182772E5,1.4074928E5,2.2378411E5,7.8835625E3,1.0772216E5,1.6657855E5,6.522572E4,0E0,0E0,0E0,0E0,0E0,0E0,0E0,0E0],"parents":[2147483647,0,0,1,1,2,2,3,3,4,4,5,5,6,6],"right_children":[2,4,6,8,10,12,14,-1,-1,-1,-1,-1,-1,-1,-1],"split_conditions":[-5.258797E-1,-1.7785876E0,8.8903713E-1,-2.2320226E-1,4.7259748E-1,-6.0735446E-1,3.8193545E-1,-3.760535E1,-2.3089752E1,-1.3414328E1,5.9910893E-1,-8.558761E0,5.2191076E0,1.1132918E1,2.6252762E1],"split_indices":[2,2,0,3,0,3,3,0,0,0,0,0,0,0,0],"split_type":[0,0,0,0,0,0,0,0,0,0,0,0,0,0,0],"sum_hessian":[8E2,2.47E2,5.53E2,2.9E1,2.18E2,4.4E2,1.13E2,1.3E1,1.6E1,1.43E2,7.5E1,1.02E2,3.38E2,7.1E1,4.2E1],"tree_param":{"num_deleted":"0","num_feature":"4","num_nodes":"15","size_leaf_vector":"1"}},{"base_weights":[-1.130522E-2,-1.2617495E1,3.5989117E1,-4.726378E1,-4.290536E0,2.9438522E1,9.291876E1,-2.5469927E1,-1.2097088E1,-6.7896757E0,3.554062E0,4.341013E0,1.5539431E1,5.480219E0,2.872139E1],"categories":[],"categories_nodes":[],"categories_segments":[],"categories_sizes":[],"default_left":[0,0,0,0,0,0,0,0,0,0,0,0,0,0,0],"id":5,"left_children":[1,3,5,7,9,11,13,-1,-1,-1,-1,-1,-1,-1,-1],"loss_changes":[3.6397044E5,1.7116512E5,7.483259E4,2.6614453E4,1.4234223E5,6.2172E4,2.6707188E3,0E0,0E0,0E0,0E0,0E0,0E0,0E0,0E0],"parents":[2147483647,0,0,1,1,2,2,3,3,4,4,5,5,6,6],"right_children":[2,4,6,8,10,12,14,-1,-1,-1,-1,-1,-1,-1,-1],"split_conditions":[6.387302E-1,-7.591327E-1,2.0883746E0,-1.3716737E0,-1.3958962E-1,1.8106274E-1,-1.4358622E0,-2.5469927E1,-1.2097088E1,-6.7896757E0,3.554062E0,4.341013E0,1.5539431E1,5.480219E0,2.872139E1],"split_indices":[2,3,2,2,0,3,0,0,0,0,0,0,0,0,0],"split_type":[0,0,0,0,0,0,0,0,0,0,0,0,0,0,0],"sum_hessian":[8E2,5.93E2,2.07E2,1.14E2,4.79E2,1.87E2,2E1,1.6E1,9.8E1,2.24E2,2.55E2,1.13E2,7.4E1,1E0,1.9E1],"tree_param":{"num_deleted":"0","num_feature":"4","num_nodes":"15","size_leaf_vector":"1"}},{"base_weights":[8.664761E-3,-3.1217072E1,8.03533E0,-9.176217E1,-2.6689714E1,1.3202165E0,4.2901985E1,-2.9205309E1,-5.381026E0,-2.1929243E1,-6.0030093E0,-1.1404237E1,2.1061385E0,7.548885E0,1.6711382E1],"categories":[],"categories_nodes":[],"categories_segments":[],"categories_sizes":[],"default_left":[0,0,0,0,0,0,0,0,0,0,0,0,0,0,0],"id":6,"left_children":[1,3,5,7,9,11,13,-1,-1,-1,-1,-1,-1,-1,-1],"loss_changes":[2.010123E5,4.2504812E4,1.4932056E5,2.7924453E3,4.627565E4,1.20446305E5,2.1990234E4,0E0,0E0,0E0,0E0,0E0,0E0,0E0,0E0],"parents":[2147483647,0,0,1,1,2,2,3,3,4,4,5,5,6,6],"right_children":[2,4,6,8,10,12,14,-1,-1,-1,-1,-1,-1,-1,-1],